公文名称,发文日期,文号,正文链接
国家林业和草原局办公室 民政部办公厅 国家卫生健康委员会办公厅 国家中医药管理局办公室关于公布国家森林康养基地（第一批）名单的通知,2020-06-02,办改字〔2020〕53号,http://www.forestry.gov.cn/sites/main/main/gov/content.jsp?TID=20200619092129205327360
2019年中国国土绿化状况公报,2020-03-11,2020年3月11日,http://www.forestry.gov.cn/sites/main/main/gov/content.jsp?TID=20200312101654252175743
国家林业和草原局公告（2019年第8号）,2019-03-15,2019年第8号,http://www.forestry.gov.cn/sites/main/main/gov/content.jsp?TID=20190319105215550461477
2018年中国国土绿化状况公报,2019-03-11,2019年3月11日,http://www.forestry.gov.cn/sites/main/main/gov/content.jsp?TID=20190319104945143209574
国家林业和草原局关于印发《国家林业和草原局2019年工作要点》的通知,2019-01-15,林办发〔2019〕1号,http://www.forestry.gov.cn/sites/main/main/gov/content.jsp?TID=20190124154446035723764
国家林业和草原局办公室关于印发《2017年林业和草原应对气候变化政策与行动白皮书》的通知,2018-11-28,办生字〔2018〕186号,http://www.forestry.gov.cn/sites/main/main/gov/content.jsp?TID=20181130180411129771110
国家林业和草原局办公室关于发布2018年重点推广林业科技成果100项的通知,2018-05-30,办科字〔2018〕80号,http://www.forestry.gov.cn/sites/main/main/gov/content.jsp?TID=20180730162022191781865
国家林业局关于加强林业品牌建设的指导意见,2018-01-05,林科发〔2017〕157号,http://www.forestry.gov.cn/sites/main/main/gov/content.jsp?TID=2461
国家林业局关于印发《林业品牌建设与保护行动计划（2017-2020年）》的通知,2018-01-04,林科发〔2017〕158号,http://www.forestry.gov.cn/sites/main/main/gov/content.jsp?TID=2454
国家林业局关于公布第三批国家林业重点龙头企业名单的通知,2017-12-30,林改发〔2017〕149号,http://www.forestry.gov.cn/sites/main/main/gov/content.jsp?TID=2450
国家发展改革委办公厅　国家林业局办公室关于印发社会资本参与林业生态建设第一批试点项目的通知,2017-08-01,发改办农经〔2017〕1243号,http://www.forestry.gov.cn/sites/main/main/gov/content.jsp?TID=2412
国家林业局办公室关于印发《省级林业应对气候变化2017-2018年工作计划》的通知,2017-07-26,办造字〔2017〕125号,http://www.forestry.gov.cn/sites/main/main/gov/content.jsp?TID=2411
国家林业局办公室关于开展“砥砺奋进的五年”林业大型宣传活动的通知,2017-07-03,办宣字〔2017〕105号,http://www.forestry.gov.cn/sites/main/main/gov/content.jsp?TID=2402
国家林业局关于印发《林业科技推广成果库管理办法》的通知,2017-06-27,林科发〔2017〕59号,http://www.forestry.gov.cn/sites/main/main/gov/content.jsp?TID=2395
国家林业局关于加快推进城郊森林公园发展的指导意见,2017-06-16,林场发〔2017〕51号,http://www.forestry.gov.cn/sites/main/main/gov/content.jsp?TID=2390
国家林业局关于印发《国家林业局促进科技成果转移转化行动方案》的通知,2017-06-12,林科发〔2017〕46号,http://www.forestry.gov.cn/sites/main/main/gov/content.jsp?TID=2383
人力资源社会保障部　国家林业局关于评选全国林业系统先进集体劳动模范和先进工作者的通知,2017-06-07,人社部函〔2017〕74号,http://www.forestry.gov.cn/sites/main/main/gov/content.jsp?TID=2376
国家林业局办公室　全国工商联办公厅　中国光彩会办公室关于印发《国家林业局　全国工商联　中国光彩会2017年联合工作方案》通知,2017-03-29,办宣字〔2017〕44号,http://www.forestry.gov.cn/sites/main/main/gov/content.jsp?TID=2365
2016年中国国土绿化状况公报,2017-03-13,2016年中国国土绿化状况公报,http://www.forestry.gov.cn/sites/main/main/gov/content.jsp?TID=2396
财政部　国家林业局关于印发《林业改革发展资金管理办法》的通知,2017-01-13,财农〔2016〕196号,http://www.forestry.gov.cn/sites/main/main/gov/content.jsp?TID=2337
国家林业局办公室关于印发《中国落实2030年可持续发展议程国别方案——林业行动计划》的通知,2017-01-06,办规字〔2016〕302号,http://www.forestry.gov.cn/sites/main/main/gov/content.jsp?TID=2333
国家发展改革委　国家林业局关于运用政府和社会资本合作模式推进林业建设的指导意见,2016-12-14,发改农经〔2016〕2455号,http://www.forestry.gov.cn/sites/main/main/gov/content.jsp?TID=2324
国家林业局　财政部关于运用政府和社会资本合作模式推进林业生态建设和保护利用的指导意见,2016-12-14,林规发〔2016〕168号,http://www.forestry.gov.cn/sites/main/main/gov/content.jsp?TID=2340
国家林业局办公室关于印发《2015年林业应对气候变化政策与行动白皮书》的通知,2016-10-13,办造字〔2016〕219号,http://www.forestry.gov.cn/sites/main/main/gov/content.jsp?TID=2314
国家林业局办公室关于印发《旱区造林绿化技术指南》和《旱区造林绿化技术模式选编》的通知,2016-09-07,办造字〔2016〕175号,http://www.forestry.gov.cn/sites/main/main/gov/content.jsp?TID=2303
国家林业局办公室关于印发《林业应对气候变化“十三五”行动要点》的通知,2016-06-22,办造字〔2016〕102号,http://www.forestry.gov.cn/sites/main/main/gov/content.jsp?TID=2277
国家林业局关于公布第二批国家林业重点龙头企业名单的通知,2016-05-26,林改发〔2016〕68号,http://www.forestry.gov.cn/sites/main/main/gov/content.jsp?TID=2271
国家林业局关于表彰全国生态建设突出贡献先进集体和先进个人的决定,2016-05-23,林场发〔2016〕61号,http://www.forestry.gov.cn/sites/main/main/gov/content.jsp?TID=2272
国家林业局关于印发《中国生态文化发展纲要（2016-2020年）》的通知,2016-04-11,林规发〔2016〕44号,http://www.forestry.gov.cn/sites/main/main/gov/content.jsp?TID=2248
国家林业局办公室关于开展全国生态建设突出贡献奖评选表彰活动的通知,2016-04-05,办场字〔2016〕60号,http://www.forestry.gov.cn/sites/main/main/gov/content.jsp?TID=2245
国家林业局关于深入学习贯彻习近平总书记关于森林生态安全重要讲话精神的通知,2016-03-09,林办发〔2016〕31号,http://www.forestry.gov.cn/sites/main/main/gov/content.jsp?TID=2234
国家林业局 国家开发银行关于加强合作共同推进国家储备林等重点领域建设发展的通知,2016-02-01,林规发〔2016〕15号,http://www.forestry.gov.cn/sites/main/main/gov/content.jsp?TID=2227
国家林业局 中国农业发展银行关于充分发挥农业政策性金融作用支持林业发展的意见,2016-01-26,林规发〔2016〕12号,http://www.forestry.gov.cn/sites/main/main/gov/content.jsp?TID=2217
国家林业局关于进一步加强乡镇林业工作站建设的意见,2015-11-16,林站发〔2015〕146号,http://www.forestry.gov.cn/sites/main/main/gov/content.jsp?TID=2195
国家林业局关于进一步加强林业标准化工作的意见,2015-09-23,林科发〔2015〕127号,http://www.forestry.gov.cn/sites/main/main/gov/content.jsp?TID=2187
国家林业局关于做好退化防护林改造工作的指导意见,2015-01-25,林造发〔2014〕194号,http://www.forestry.gov.cn/sites/main/main/gov/content.jsp?TID=2134
国家林业局关于切实加强野生植物培育利用产业发展的指导意见,2015-01-14,林护发〔2015〕7号,http://www.forestry.gov.cn/sites/main/main/gov/content.jsp?TID=2128
全国绿化委员会 国家林业局关于做好2014年造林绿化工作的通知,2014-02-20,全绿字〔2014〕4号,http://www.forestry.gov.cn/sites/main/main/gov/content.jsp?TID=2070
国家林业局办公室关于推进《中国绿色时报》进农家书屋的通知,2014-02-19,办宣字〔2014〕12号,http://www.forestry.gov.cn/sites/main/main/gov/content.jsp?TID=2069
国家林业局关于印发《国家林业局2014年工作要点》的通知,2014-01-22,林办发〔2014〕1号,http://www.forestry.gov.cn/sites/main/main/gov/content.jsp?TID=2061
国家林业局办公室关于印发《2013年全国林业宣传思想文化工作要点》的通知,2013-03-13,办宣字〔2013〕15号,http://www.forestry.gov.cn/sites/main/main/gov/content.jsp?TID=2001
国家林业局关于印发《国家林业局2013年工作要点》的通知,2013-01-14,林办发〔2013〕1号,http://www.forestry.gov.cn/sites/main/main/gov/content.jsp?TID=1984
国家林业局关于召开全国林业厅局长会议的通知,2012-07-10,林办发〔2012〕168号,http://www.forestry.gov.cn/sites/main/main/gov/content.jsp?TID=1945
国家林业局关于认真学习贯彻落实贾庆林主席重要讲话精神的通知,2012-06-18,林办发〔2012〕154号,http://www.forestry.gov.cn/sites/main/main/gov/content.jsp?TID=1939
国家林业局关于印发《林业调查规划设计单位资格认证管理办法》的通知,2012-02-10,林资发〔2012〕19号,http://www.forestry.gov.cn/sites/main/main/gov/content.jsp?TID=1892
国家林业局关于进一步加强林业系统自然保护区管理工作的通知,2011-08-25,林护发〔2011〕187号,http://www.forestry.gov.cn/sites/main/main/gov/content.jsp?TID=1852
国家林业局关于举办第二届中国国际林业产业博览会暨第四届中国义乌森林产品博览会的通知,2011-08-03,林规发〔2011〕171号,http://www.forestry.gov.cn/sites/main/main/gov/content.jsp?TID=1842
国家林业局第27号令,2011-05-20,第27号,http://www.forestry.gov.cn/sites/main/main/gov/content.jsp?TID=1838
国家林业局关于贯彻落实《国务院批转林业局关于全国“十二五”期间年森林采伐限额审核意见的通知》的通知,2011-04-06,林资发〔2011〕92号,http://www.forestry.gov.cn/sites/main/main/gov/content.jsp?TID=1805
国家林业局关于下达2010年“林业生态站等监测运行补助”项目的通知,2010-07-23,林科发〔2010〕193号,http://www.forestry.gov.cn/sites/main/main/gov/content.jsp?TID=1755
国家林业局关于加强野生虎保护管理和严厉打击走私、非法经营虎产品等违法犯罪行为的通知,2009-12-25,林护发〔2009〕298号,http://www.forestry.gov.cn/sites/main/main/gov/content.jsp?TID=1719
关于开展公益招贴画进万家活动的通知,2009-06-30,林宣发〔2009〕147号,http://www.forestry.gov.cn/sites/main/main/gov/content.jsp?TID=1642
关于开展公益招贴画进万家活动的通知,2009-06-30,林宣发〔2009〕147号,http://www.forestry.gov.cn/sites/main/main/gov/content.jsp?TID=611
关于印发《全国绿化评比表彰实施办法》的通知,2009-06-23,全绿办〔2009〕9号,http://www.forestry.gov.cn/sites/main/main/gov/content.jsp?TID=1636
关于印发应对干旱林业科技救灾减灾技术要点的通知,2009-02-25,林科发〔2009〕29号,http://www.forestry.gov.cn/sites/main/main/gov/content.jsp?TID=1391
关于印发应对干旱林业科技救灾减灾技术要点的通知,2009-02-25,林科发〔2009〕２９号,http://www.forestry.gov.cn/sites/main/main/gov/content.jsp?TID=154
关于切实抓好今冬明春造林绿化工作的通知,2008-12-09,林造发〔2008〕241号,http://www.forestry.gov.cn/sites/main/main/gov/content.jsp?TID=575
关于下达2008年度重点科研项目计划的通知,2008-12-09,林科发〔2008〕227号,http://www.forestry.gov.cn/sites/main/main/gov/content.jsp?TID=577
国家林业局关于印发《国家林业局组织开展林业改革开放30周年宣传活动方案》的通知,2008-11-03,林宣发〔2008〕221号,http://www.forestry.gov.cn/sites/main/main/gov/content.jsp?TID=1467
关于同意毕节地区为林业生态建设示范区的通知,2008-10-07,林沙发〔2008〕195号,http://www.forestry.gov.cn/sites/main/main/gov/content.jsp?TID=1345
关于同意毕节地区为林业生态建设示范区的通知,2008-10-07,林沙发〔2008〕195号,http://www.forestry.gov.cn/sites/main/main/gov/content.jsp?TID=559
关于同意组建“生态文明研究中心”的函,2008-09-10,林函科字〔2008〕188号,http://www.forestry.gov.cn/sites/main/main/gov/content.jsp?TID=1331
关于同意组建“生态文明研究中心”的函,2008-09-10,林函科字〔2008〕188号,http://www.forestry.gov.cn/sites/main/main/gov/content.jsp?TID=551
关于认真执行森林资源调查情况年报制度的通知,2008-08-11,办资字〔2008〕58号,http://www.forestry.gov.cn/sites/main/main/gov/content.jsp?TID=116
国家林业局办公室关于认真执行森林资源规划设计调查基本情况年报制度的通知,2008-08-07,办资字〔2008〕58号,http://www.forestry.gov.cn/sites/main/main/gov/content.jsp?TID=1304
关于学习贯彻胡锦涛总书记重要讲话精神的通知,2008-07-22,林科发〔2008〕153号,http://www.forestry.gov.cn/sites/main/main/gov/content.jsp?TID=533
国家林业局关于深入学习贯彻胡锦涛总书记在两院院士大会上重要讲话精神的通知,2008-07-11,林科发〔2008〕153号,http://www.forestry.gov.cn/sites/main/main/gov/content.jsp?TID=1123
关于评选三北防护林突出贡献单位和贡献者通知,2008-06-06,人社部发〔2008〕25号,http://www.forestry.gov.cn/sites/main/main/gov/content.jsp?TID=507
关于评选三北防护林建设突出贡献单位和突出贡献者的通知,2008-06-06,人社部发〔2008〕25号,http://www.forestry.gov.cn/sites/main/main/gov/content.jsp?TID=782
关于下达2008年农业综合开发林业生态示范项目和名优经济林花卉项目计划的通知,2008-05-09,林计发〔2008〕74号,http://www.forestry.gov.cn/sites/main/main/gov/content.jsp?TID=84
国家林业局关于进一步加强林业宣传工作的意见,2008-03-31,林宣发〔2008〕48号,http://www.forestry.gov.cn/sites/main/main/gov/content.jsp?TID=1468
关于印发《国家林业局2008年林业宣传工作要点》的通知,2008-03-03,林宣发〔2008〕46号,http://www.forestry.gov.cn/sites/main/main/gov/content.jsp?TID=1466
关于切实抓好2008年造林绿化工作的通知,2008-02-19,林造发[2008]27号,http://www.forestry.gov.cn/sites/main/main/gov/content.jsp?TID=470
关于切实抓好2008年造林绿化工作的通知,2008-02-19,林造发〔2008〕27号,http://www.forestry.gov.cn/sites/main/main/gov/content.jsp?TID=695
关于切实抓好2008年造林绿化工作的通知,2008-02-15,林造发〔2008〕28号,http://www.forestry.gov.cn/sites/main/main/gov/content.jsp?TID=468
关于切实抓好2008年造林绿化工作的通知,2008-02-15,林造发〔2008〕28号,http://www.forestry.gov.cn/sites/main/main/gov/content.jsp?TID=729
关于2007年全国营造林实绩核查结果的通报,2008-02-02,林资发〔2008〕２３号,http://www.forestry.gov.cn/sites/main/main/gov/content.jsp?TID=463
关于2007年全国营造林实绩核查结果的通报,2008-02-02,林资发〔2008〕23号,http://www.forestry.gov.cn/sites/main/main/gov/content.jsp?TID=710
关于进一步做好银行贷款前期准备工作的通知,2008-01-18,办贷字〔2008〕3号,http://www.forestry.gov.cn/sites/main/main/gov/content.jsp?TID=63
关于进一步做好银行贷款前期准备工作的通知,2008-01-18,办贷字〔2008〕3号,http://www.forestry.gov.cn/sites/main/main/gov/content.jsp?TID=723
国家林业局关于下达2008年营造林生产计划的通知,2008-01-11,林计发〔2008〕7号,http://www.forestry.gov.cn/sites/main/main/gov/content.jsp?TID=448
关于支持海峡西岸经济区林业发展意见的函,2008-01-11,林函计字〔2008〕７号,http://www.forestry.gov.cn/sites/main/main/gov/content.jsp?TID=449
国家林业局关于下达2008年营造林生产计划的通知,2008-01-11,林计发〔2008〕7号,http://www.forestry.gov.cn/sites/main/main/gov/content.jsp?TID=692
关于支持海峡西岸经济区林业发展意见的函,2008-01-11,林函计字〔2008〕7号,http://www.forestry.gov.cn/sites/main/main/gov/content.jsp?TID=722
国家林业局关于做好林业生物质能源工作的通知,2007-11-22,林造发〔2007〕２４３号,http://www.forestry.gov.cn/sites/main/main/gov/content.jsp?TID=424
关于做好林业生物质能源工作的通知,2007-11-21,林造发〔2007〕243号,http://www.forestry.gov.cn/sites/main/main/gov/content.jsp?TID=1301
国家林业局办公室关于贯彻落实关注森林活动总结表彰大会暨全国林业宣传工作会议精神的通知,2007-11-06,办宣字〔2007〕112号,http://www.forestry.gov.cn/sites/main/main/gov/content.jsp?TID=410
关于开展省级矿区植被保护与生态恢复工程规划编制工作有关问题的通知,2007-10-28,办资字〔2007〕109号,http://www.forestry.gov.cn/sites/main/main/gov/content.jsp?TID=1158
国家林业局办公室关于开展省级矿区植被保护与生态恢复工程规划编制工作有关问题的通知,2007-10-28,办资字〔2007〕109号,http://www.forestry.gov.cn/sites/main/main/gov/content.jsp?TID=56
国家林业局关于开展全国林业自然保护区生态旅游发展规划编制工作的通知,2007-07-24,林护发〔2007〕164号,http://www.forestry.gov.cn/sites/main/main/gov/content.jsp?TID=344
关于开展全国林业自然保护区生态旅游规划编制工作的通知,2007-07-16,林护发〔2007〕164号,http://www.forestry.gov.cn/sites/main/main/gov/content.jsp?TID=1100
关于认真贯彻国务院通知精神积极做好第三次全国文物普查工作的通知,2007-07-13,林场发〔2007〕160号,http://www.forestry.gov.cn/sites/main/main/gov/content.jsp?TID=339
国家林业局办公室关于举办全国珍贵树种发展论坛的预通知,2007-07-12,办造字〔2007〕78号,http://www.forestry.gov.cn/sites/main/main/gov/content.jsp?TID=35
国家林业局关于下达2007年农业综合开发林业生态示范和名优经济林花卉项目计划的通知,2007-06-22,林计发〔2007〕152号,http://www.forestry.gov.cn/sites/main/main/gov/content.jsp?TID=333
关于评选全国林业系统先进集体劳动模范和先进工作者的通知,2007-06-18,国人部发〔2007〕89号,http://www.forestry.gov.cn/sites/main/main/gov/content.jsp?TID=332
国家林业局关于进一步加强森林公园生态文化建设的通知,2007-05-10,林场发〔2007〕109号,http://www.forestry.gov.cn/sites/main/main/gov/content.jsp?TID=315
关于进一步加强森林公园生态文化建设的通知,2007-05-10,林场发〔2007〕109号,http://www.forestry.gov.cn/sites/main/main/gov/content.jsp?TID=875
国家林业局关于下达2007年中央预算内林业基本建设投资计划的通知,2007-05-08,林计发〔2007〕108号,http://www.forestry.gov.cn/sites/main/main/gov/content.jsp?TID=314
国家林业局关于在林业部门开展“财政支农资金管理年”活动有关问题的通知,2007-04-12,林计发〔2007〕89号,http://www.forestry.gov.cn/sites/main/main/gov/content.jsp?TID=20
关于大力发展林业职业教育的意见,2007-03-29,林人发〔2007〕76号,http://www.forestry.gov.cn/sites/main/main/gov/content.jsp?TID=1252
国家林业局关于大力发展林业职业教育的意见,2007-03-29,林人发〔2007〕76号,http://www.forestry.gov.cn/sites/main/main/gov/content.jsp?TID=295
国家林业局关于开展全国林业发展区划工作的通知,2007-03-26,林资发〔2007〕50号,http://www.forestry.gov.cn/sites/main/main/gov/content.jsp?TID=1160
国家林业局关于举办2007年林业重点工程和“十一五”林业规划专题研究班的通知,2007-03-09,林人发〔2007〕55号,http://www.forestry.gov.cn/sites/main/main/gov/content.jsp?TID=283
国家林业局关于开展全国林业发展区划工作的通知,2007-03-08,林资发[2007]50号,http://www.forestry.gov.cn/sites/main/main/gov/content.jsp?TID=282
国家林业局关于进一步加强和规范林权登记发证管理工作的通知,2007-02-08,林资发〔2007〕33号,http://www.forestry.gov.cn/sites/main/main/gov/content.jsp?TID=1162
国家林业局关于进一步加强和规范林权登记发证管理工作的通知,2007-02-08,林资发〔2007〕33号,http://www.forestry.gov.cn/sites/main/main/gov/content.jsp?TID=274
国家林业局关于做好2007年造林绿化工作的通知,2007-01-31,林造发〔2007〕23号,http://www.forestry.gov.cn/sites/main/main/gov/content.jsp?TID=270
关于开展向模范公务员李德平同志学习的决定,2007-01-15,全绿字〔2007〕1号,http://www.forestry.gov.cn/sites/main/main/gov/content.jsp?TID=1067
关于科学编制森林经营方案全面推进森林可持续经营工作的通知,2007-01-10,林资发〔2007〕1号,http://www.forestry.gov.cn/sites/main/main/gov/content.jsp?TID=1159
关于印发《国家林业局林业科技成果推广计划管理办法》（试行）的通知,2006-12-12,林科发〔2006〕252号,http://www.forestry.gov.cn/sites/main/main/gov/content.jsp?TID=1015
国家林业局关于印发《国家林业局林业科技成果推广计划管理办法》（试行）的通知,2006-12-12,林科发〔2006〕252号,http://www.forestry.gov.cn/sites/main/main/gov/content.jsp?TID=251
国家林业局关于深入学习贯彻陈至立国务委员在全国林业科技大会上重要讲话精神的通知,2006-11-13,林科发〔2006〕220号,http://www.forestry.gov.cn/sites/main/main/gov/content.jsp?TID=7
国家林业局关于开展示范自然保护区建设工作的通知,2006-10-25,林护发〔2006〕208号,http://www.forestry.gov.cn/sites/main/main/gov/content.jsp?TID=1099
国家林业局关于开展示范自然保护区建设工作的通知,2006-10-25,林护发〔2006〕208号,http://www.forestry.gov.cn/sites/main/main/gov/content.jsp?TID=240
关于表彰全国林业科技工作先进集体和全国优秀林业科技工作者的通报,2006-09-12,林科发〔2006〕173号,http://www.forestry.gov.cn/sites/main/main/gov/content.jsp?TID=1012
国家林业局关于表彰全国林业科技工作先进集体和全国优秀林业科技工作者的通报,2006-09-12,林科发〔2006〕173号,http://www.forestry.gov.cn/sites/main/main/gov/content.jsp?TID=234
国家林业局关于印发《全国林业从业人员科学素质行动计划纲要（2006-2010-2020年）》的通知,2006-09-12,林科发〔2006〕174号,http://www.forestry.gov.cn/sites/main/main/gov/content.jsp?TID=235
国家林业局关于加强工业原料林采伐管理的通知,2006-06-08,林资发〔2006〕110号,http://www.forestry.gov.cn/sites/main/main/gov/content.jsp?TID=1153
关于2006年为推进社会主义新农村建设组织办好16件实事的通知,2006-03-28,林造发〔2006〕52号,http://www.forestry.gov.cn/sites/main/main/gov/content.jsp?TID=1285
关于认真做好“十一五”期间年森林采伐限额管理工作的通知,2006-01-10,林资发〔2006〕6号,http://www.forestry.gov.cn/sites/main/main/gov/content.jsp?TID=1152
关于进一步加强林业科技工作的决定,2005-10-31,林科发〔2005〕184号,http://www.forestry.gov.cn/sites/main/main/gov/content.jsp?TID=1008
关于加快速生丰产用材林基地工程建设的若干意见,2005-09-07,林贷发〔2005〕129号,http://www.forestry.gov.cn/sites/main/main/gov/content.jsp?TID=1040
关于印发重大外来林业有害生物灾害等3个部门应急预案的通知,2005-07-15,林造发〔2005〕100号,http://www.forestry.gov.cn/sites/main/main/gov/content.jsp?TID=1279
关于加强林业人才工作的意见,2005-01-15,林人发〔2005〕1号,http://www.forestry.gov.cn/sites/main/main/gov/content.jsp?TID=1241
2002年中国国土绿化状况公报,2004-03-08,〔2003〕第1号,http://www.forestry.gov.cn/sites/main/main/gov/content.jsp?TID=1051
关于加强重点地区防护林体系工程建设和管理工作的若干意见,2003-09-24,林造发〔2003〕172号,http://www.forestry.gov.cn/sites/main/main/gov/content.jsp?TID=1255
国家林业局令（2003年第9号）,2003-07-21,第9号,http://www.forestry.gov.cn/sites/main/main/gov/content.jsp?TID=1165
关于授予内蒙古自治区赤峰市敖汉旗“再造秀美山川先进旗”的决定,2003-02-19,全绿字〔2003〕2号,http://www.forestry.gov.cn/sites/main/main/gov/content.jsp?TID=1045
