公文名称,正文链接,文件类型,发布日期
国务院关于西部大开发“十三五”规划的批复,http://www.gov.cn/zhengce/zhengceku/2017-01/24/content_5162818.htm,国务院文件,2017-01-24
国务院关于西部大开发“十一五”规划的批复,http://www.gov.cn/zhengce/zhengceku/2008-03/28/content_1865.htm,国务院文件,2008-03-28
国务院关于西部大开发“十二五”规划的批复,http://www.gov.cn/zhengce/zhengceku/2012-02/21/content_1265.htm,国务院文件,2012-02-21
国务院关于进一步推进西部大开发的若干意见,http://www.gov.cn/zhengce/zhengceku/2008-03/28/content_2060.htm,国务院文件,2008-03-28
国务院办公厅关于中部六省比照实施振兴东北地区等老工业基地和西部大开发有关政策范围的通知,http://www.gov.cn/zhengce/zhengceku/2008-05/05/content_1919.htm,国务院文件,2008-05-05
关于延续西部大开发企业所得税政策的公告,http://www.gov.cn/zhengce/zhengceku/2020-04/28/content_5506990.htm,国务院部门文件,2020-04-28
教育部关于印发《高校银龄教师支援西部计划实施方案》的通知,http://www.gov.cn/zhengce/zhengceku/2020-03/26/content_5495805.htm,国务院部门文件,2020-03-26
商务部关于应对疫情进一步改革开放做好稳外资工作的通知,http://www.gov.cn/zhengce/zhengceku/2020-04/03/content_5498839.htm,国务院部门文件,2020-04-03
国家发展改革委办公厅关于印发2018年中国西部开发远程学习网培训计划的通知,http://www.gov.cn/zhengce/zhengceku/2018-12/31/content_5434588.htm,国务院部门文件,2018-12-31
国家发展改革委办公厅关于印发2019年东部城市支持西部地区人才培训计划的通知,http://www.gov.cn/zhengce/zhengceku/2018-12/31/content_5434928.htm,国务院部门文件,2018-12-31
国务院要求落实落细支持政策助力企业渡难关,http://www.gov.cn/zhengce/2020-04/15/content_5502443.htm,解读,2020-04-15
国务院常务会:落实落细支持企业政策,http://www.gov.cn/zhengce/2020-04/15/content_5502621.htm,解读,2020-04-15
黄守宏:扎实做好“六稳”工作 着力落实“六保”任务,http://www.gov.cn/zhengce/2020-06/18/content_5520141.htm,解读,2020-06-18
"新旧减税费达1.6万亿元,西部15%所得税优惠政策延续",http://www.gov.cn/zhengce/2020-04/15/content_5502618.htm,解读,2020-04-15
"政府工作报告中,做好气象服务,这六个字掷地有声",http://www.gov.cn/zhengce/2020-05/23/content_5514179.htm,解读,2020-05-23
国务院关于落实《政府工作报告》重点工作部门分工的意见,http://www.gov.cn/gongbao/content/2020/content_5519943.htm,国务院公报,2020-06-20
政府工作报告 ——2020年5月22日在第十三届全国人民代表大会第三次会议上 …………… 国务院总理 李克强,http://www.gov.cn/gongbao/content/2020/content_5517495.htm,国务院公报,2020-06-10
中共中央 国务院关于新时代推进西部大开发形成新格局的指导意见,http://www.gov.cn/gongbao/content/2020/content_5515272.htm,国务院公报,2020-05-30
国务院关于同意设立广西百色重点开发开放试验区的批复,http://www.gov.cn/gongbao/content/2020/content_5503538.htm,国务院公报,2020-04-20
财政部关于修订发布《普惠金融发展专项资金管理办法》的通知 普惠金融发展专项资金管理办法（修订稿）,http://www.gov.cn/gongbao/content/2020/content_5480495.htm,国务院公报,2020-02-20
国务院关于落实《政府工作报告》重点工作部门分工的意见,http://www.gov.cn/zhengce/zhengceku/2020-06/11/content_5518699.htm,国务院文件,2020-06-11
国务院关于同意设立广西百色重点开发开放试验区的批复,http://www.gov.cn/zhengce/zhengceku/2020-04/07/content_5499778.htm,国务院文件,2020-04-07
国务院关于陕西省土地利用总体规划的批复,http://www.gov.cn/zhengce/zhengceku/2018-08/24/content_5316147.htm,国务院文件,2018-08-24
国务院关于新疆维吾尔自治区土地利用总体规划的批复,http://www.gov.cn/zhengce/zhengceku/2018-08/24/content_5316150.htm,国务院文件,2018-08-24
国务院关于甘肃省土地利用总体规划的批复,http://www.gov.cn/zhengce/zhengceku/2018-08/30/content_5317706.htm,国务院文件,2018-08-30
科技部关于支持四川省建设成德绵国家科技成果转移转化示范区的函,http://www.gov.cn/zhengce/zhengceku/2018-12/31/content_5435414.htm,国务院部门文件,2018-12-31
教育部关于印发《普通高等学校思想政治理论课教师队伍培养规划（2019—2023年）》的通知,http://www.gov.cn/zhengce/zhengceku/2019-10/23/content_5444000.htm,国务院部门文件,2019-10-23
关于进一步做好创业担保贷款财政贴息工作的通知,http://www.gov.cn/zhengce/zhengceku/2018-12/31/content_5439367.htm,国务院部门文件,2018-12-31
文化和旅游部等10部门关于印发内蒙古满洲里、广西防城港边境旅游试验区建设实施方案的通知,http://www.gov.cn/zhengce/zhengceku/2018-12/31/content_5433322.htm,国务院部门文件,2018-12-31
商务部外贸司负责人谈《关于同意在石家庄等24个城市设立跨境电子商务综合试验区的批复》,http://www.gov.cn/zhengce/2019-12/30/content_5465271.htm,解读,2019-12-30
我国自贸试验区建设布局逐步完善,http://www.gov.cn/zhengce/2019-08/27/content_5424791.htm,解读,2019-08-27
西部主要经济指标高于全国平均水平,http://www.gov.cn/zhengce/2018-09/10/content_5320664.htm,解读,2018-09-10
中国成世界扶贫典范,http://www.gov.cn/zhengce/2018-11/26/content_5343266.htm,解读,2018-11-26
范围更大、门槛更低、要求更宽、流程更优——自主创业农民也可申请创业担保贷款,http://www.gov.cn/zhengce/2018-04/03/content_5279400.htm,解读,2018-04-03
中华人民共和国生态环境部公告（2019年第22号） 决定废止、修改的规范性文件,http://www.gov.cn/gongbao/content/2019/content_5442282.htm,国务院公报,2019-10-20
中共中央 国务院关于建立更加有效的区域协调发展新机制的意见,http://www.gov.cn/gongbao/content/2018/content_5350042.htm,国务院公报,2018-12-20
国务院关于落实《政府工作报告》重点工作部门分工的意见,http://www.gov.cn/gongbao/content/2018/content_5286360.htm,国务院公报,2018-04-30
政府工作报告 …………………………………………………………… 中华人民共和国国务院总理 李克强,http://www.gov.cn/gongbao/content/2018/content_5286356.htm,国务院公报,2018-04-30
工业和信息化部关于印发《国家中小企业公共服务示范平台认定管理办法》的通知 国家中小企业公共服务示范平台认定管理办法,http://www.gov.cn/gongbao/content/2017/content_5248228.htm,国务院公报,2017-12-20
国务院关于新疆生产建设兵团土地利用总体规划的批复,http://www.gov.cn/zhengce/zhengceku/2018-08/30/content_5317709.htm,国务院文件,2018-08-30
国务院关于西藏自治区土地利用总体规划的批复,http://www.gov.cn/zhengce/zhengceku/2018-08/30/content_5317711.htm,国务院文件,2018-08-30
国务院关于宁夏回族自治区土地利用总体规划的批复,http://www.gov.cn/zhengce/zhengceku/2018-08/30/content_5317753.htm,国务院文件,2018-08-30
国务院关于广西壮族自治区土地利用总体规划的批复,http://www.gov.cn/zhengce/zhengceku/2018-09/04/content_5319070.htm,国务院文件,2018-09-04
国务院关于内蒙古自治区土地利用总体规划的批复,http://www.gov.cn/zhengce/zhengceku/2018-09/05/content_5319364.htm,国务院文件,2018-09-05
"振兴革命老区,别忽视“软环境”改善",http://www.gov.cn/zhengce/2016-06/30/content_5087073.htm,解读,2016-06-30
发改委解读:健全法规制度体系保障生态保护补偿健康发展,http://www.gov.cn/zhengce/2016-05/24/content_5076185.htm,解读,2016-05-24
合力攻坚精准脱贫——国务院扶贫办相关负责人答记者问,http://www.gov.cn/zhengce/2016-12/08/content_5145372.htm,解读,2016-12-08
中国经济的明天将更加美好——访国家发展和改革委员会副主任兼国家统计局局长宁吉喆,http://www.gov.cn/zhengce/2018-09/21/content_5324362.htm,解读,2018-09-21
商务部国际司负责人解读中国—新加坡自由贸易协定升级议定书,http://www.gov.cn/zhengce/2018-11/12/content_5339711.htm,解读,2018-11-12
财政部 扶贫办 发展改革委 国家民委 农业部 林业局关于印发《中央财政专项扶贫资金管理办法》 的通知 中央财政专项扶贫资金管理办法,http://www.gov.cn/gongbao/content/2017/content_5222959.htm,国务院公报,2017-09-10
中华人民共和国财政部令（第83号） 财政部关于公布废止和失效的财政规章和规范性文件目录（第十二批）的决定,http://www.gov.cn/gongbao/content/2017/content_5199964.htm,国务院公报,2017-06-10
发展改革委关于印发贯彻落实区域发展战略促进区域协调发展的指导意见的通知 关于贯彻落实区域发展战略促进区域协调发展的指导意见,http://www.gov.cn/gongbao/content/2017/content_5194894.htm,国务院公报,2017-05-20
国务院关于印发中国（重庆）自由贸易试验区总体方案的通知 中国（重庆）自由贸易试验区总体方案,http://www.gov.cn/gongbao/content/2017/content_5186969.htm,国务院公报,2017-04-20
国务院关于印发中国（四川）自由贸易试验区总体方案的通知 中国（四川）自由贸易试验区总体方案,http://www.gov.cn/gongbao/content/2017/content_5186970.htm,国务院公报,2017-04-20
国务院关于四川省土地利用总体规划的批复,http://www.gov.cn/zhengce/zhengceku/2018-09/21/content_5324402.htm,国务院文件,2018-09-21
国务院关于云南省土地利用总体规划的批复,http://www.gov.cn/zhengce/zhengceku/2018-09/21/content_5324419.htm,国务院文件,2018-09-21
国务院关于青海省土地利用总体规划的批复,http://www.gov.cn/zhengce/zhengceku/2018-09/21/content_5324420.htm,国务院文件,2018-09-21
国务院关于左右江革命老区振兴规划的批复,http://www.gov.cn/zhengce/zhengceku/2015-02/16/content_9488.htm,国务院文件,2015-02-16
国务院关于同意设立贵州贵安新区的批复,http://www.gov.cn/zhengce/zhengceku/2014-01/10/content_8169.htm,国务院文件,2014-01-10
关于《现代煤化工产业创新发展布局方案》的政策解读,http://www.gov.cn/zhengce/2017-03/30/content_5182203.htm,解读,2017-03-30
发改委解读:健全生态保护补偿机制 促进生态文明制度建设,http://www.gov.cn/zhengce/2016-05/19/content_5074729.htm,解读,2016-05-19
发展改革委有关负责人就《外商投资产业指导目录（2017年修订）》答问,http://www.gov.cn/zhengce/2017-06/28/content_5206418.htm,解读,2017-06-28
【宁夏】自治区金融工作局新闻发言人就“宁夏金融十八条”答记者问,http://www.gov.cn/zhengce/2015-11/27/content_5056789.htm,权威解读,2015-11-27
解读《现代煤化工产业创新发展布局方案》,http://www.gov.cn/zhengce/2017-03/30/content_5182202.htm,解读,2017-03-30
国务院关于印发中国（陕西）自由贸易试验区总体方案的通知 中国（陕西）自由贸易试验区总体方案,http://www.gov.cn/gongbao/content/2017/content_5186971.htm,国务院公报,2017-04-20
中共中央办公厅 国务院办公厅印发《关于进一步引导和鼓励高校毕业生到基层工作的意见》,http://www.gov.cn/gongbao/content/2017/content_5171278.htm,国务院公报,2017-02-28
国务院关于印发国家人口发展规划（2016—2030年）的通知 国家人口发展规划（2016—2030年）,http://www.gov.cn/gongbao/content/2017/content_5171324.htm,国务院公报,2017-02-28
国务院关于印发全国国土规划纲要（2016—2030年）的通知 全国国土规划纲要（2016—2030年）,http://www.gov.cn/gongbao/content/2017/content_5171326.htm,国务院公报,2017-02-28
国务院关于西部大开发“十三五”规划的批复,http://www.gov.cn/gongbao/content/2017/content_5168484.htm,国务院公报,2017-02-20
国务院关于同意设立陕西西咸新区的批复,http://www.gov.cn/zhengce/zhengceku/2014-01/10/content_8171.htm,国务院文件,2014-01-10
国务院关于晋陕豫黄河金三角区域合作规划的批复,http://www.gov.cn/zhengce/zhengceku/2014-04/14/content_8762.htm,国务院文件,2014-04-14
国务院关于同意设立四川天府新区的批复,http://www.gov.cn/zhengce/zhengceku/2014-10/14/content_9142.htm,国务院文件,2014-10-14
国务院办公厅转发财政部关于2001年11月和12月上中旬地方企业所得税增长情况报告的紧急通知,http://www.gov.cn/zhengce/zhengceku/2016-09/21/content_5110231.htm,国务院文件,2016-09-21
国务院关于兰州市城市总体规划的批复,http://www.gov.cn/zhengce/zhengceku/2015-07/20/content_10013.htm,国务院文件,2015-07-20
重庆市完善小微企业扶持机制实施方案,http://www.gov.cn/zhengce/2014-07/31/content_5045029.htm,重庆,2014-07-31
自治区人民政府关于设立 政府产业引导基金促进产业加快发展的意见,http://www.gov.cn/zhengce/2015-04/15/content_5056749.htm,宁夏,2015-04-15
自治区人民政府关于扶持小微企业健康发展的若干意见,http://www.gov.cn/zhengce/2015-06/23/content_5056867.htm,宁夏,2015-06-23
自治区人民政府办公厅关于进一步促进融资性担保行业发展的若干意见,http://www.gov.cn/zhengce/2015-05/12/content_5057212.htm,宁夏,2015-05-12
关于发挥工商行政管理职能作用促进个体私营等非公有制经济发展的通知,http://www.gov.cn/zhengce/2016-05/24/content_5076100.htm,工商总局,2005-03-21
国家税务总局公告（2016年第34号） 国家税务总局关于公布全文失效废止和部分条款废止的税收规范性文件目录的公告 全文失效废止的税收规范性文件目录 部分条款废止的税收规范性文件目录,http://www.gov.cn/gongbao/content/2016/content_5124376.htm,国务院公报,2016-10-30
国务院办公厅关于加快中西部教育发展的指导意见,http://www.gov.cn/gongbao/content/2016/content_5086347.htm,国务院公报,2016-06-30
国务院办公厅关于健全生态保护补偿机制的意见,http://www.gov.cn/gongbao/content/2016/content_5076965.htm,国务院公报,2016-05-30
国务院关于落实《政府工作报告》重点工作部门分工的意见,http://www.gov.cn/gongbao/content/2016/content_5061653.htm,国务院公报,2016-04-10
国家税务总局公告（2015年第76号） 国家税务总局关于发布《企业所得税优惠政策事项办理办法》的公告 企业所得税优惠政策事项办理办法,http://www.gov.cn/gongbao/content/2016/content_5054752.htm,国务院公报,2016-03-20
国务院办公厅转发教育部等部门关于实施中小学危房改造工程意见的通知,http://www.gov.cn/zhengce/zhengceku/2016-09/30/content_5114008.htm,国务院文件,2016-09-30
国务院办公厅关于进一步做好2004年普通高等学校毕业生就业工作的通知,http://www.gov.cn/zhengce/zhengceku/2008-03/28/content_6706.htm,国务院文件,2008-03-28
国务院办公厅关于切实搞好“五个结合”进一步巩固退耕还林成果的通知,http://www.gov.cn/zhengce/zhengceku/2008-03/28/content_2799.htm,国务院文件,2008-03-28
国务院关于进一步完善城乡义务教育经费保障机制的通知,http://www.gov.cn/zhengce/zhengceku/2015-11/28/content_10357.htm,国务院文件,2015-11-28
国务院办公厅关于开展对口帮扶贵州工作的指导意见,http://www.gov.cn/zhengce/zhengceku/2013-02/07/content_6084.htm,国务院文件,2013-02-07
【宁夏】推进大众创业万众创新 扶助小微企业健康发展——自治区非公经济局负责人就《关于扶持小微企业健康发展的若干意见》答问,http://www.gov.cn/zhengce/2015-07/29/content_5056744.htm,媒体解读,2015-07-29
自治区人民政府办公厅关于支持企业“走出去”的若干意见,http://www.gov.cn/zhengce/2015-10/08/content_5056846.htm,宁夏,2015-10-08
自治区人民政府办公厅关于进一步动员社会各方面力量参与扶贫开发的实施意见,http://www.gov.cn/zhengce/2015-10/23/content_5056862.htm,宁夏,2015-10-23
自治区人民政府办公厅关于推进全区地理信息产业发展的实施意见,http://www.gov.cn/zhengce/2014-11/06/content_5057104.htm,宁夏,2014-11-06
自治区人民政府关于改善金融发展环境 支持金融业健康发展的若干意见,http://www.gov.cn/zhengce/2015-11/17/content_5056636.htm,宁夏,2015-11-17
国家税务总局公告（2015年第58号） 国家税务总局关于公布已取消的22项税务非行政许可审批事项的公告,http://www.gov.cn/gongbao/content/2016/content_5033911.htm,国务院公报,2016-01-20
国务院关于支持沿边重点地区开发开放若干政策措施的意见,http://www.gov.cn/gongbao/content/2016/content_5033854.htm,国务院公报,2016-01-20
国务院关于进一步完善城乡义务教育经费保障机制的通知,http://www.gov.cn/gongbao/content/2015/content_2978253.htm,国务院公报,2015-12-20
国务院关于第一批取消62项中央指定地方实施行政审批事项的决定,http://www.gov.cn/gongbao/content/2015/content_2953939.htm,国务院公报,2015-10-30
国务院关于兰州市城市总体规划的批复,http://www.gov.cn/gongbao/content/2015/content_2909263.htm,国务院公报,2015-08-10
国务院办公厅转发人事部“十一五”行政机关公务员培训纲要的通知,http://www.gov.cn/zhengce/zhengceku/2008-03/28/content_7433.htm,国务院文件,2008-03-28
国务院关于加快长江等内河水运发展的意见,http://www.gov.cn/zhengce/zhengceku/2011-01/30/content_3557.htm,国务院文件,2011-01-30
国务院关于实施企业所得税过渡优惠政策的通知,http://www.gov.cn/zhengce/zhengceku/2008-03/28/content_1808.htm,国务院文件,2008-03-28
国务院办公厅关于健全生态保护补偿机制的意见,http://www.gov.cn/zhengce/zhengceku/2016-05/13/content_5073049.htm,国务院文件,2016-05-13
国务院办公厅转发国务院纠正行业不正之风办公室关于2001年纠风工作实施意见的通知,http://www.gov.cn/zhengce/zhengceku/2016-09/30/content_5114267.htm,国务院文件,2016-09-30
自治区人民政府办公厅关于支持农民工等人员返乡创业的实施意见,http://www.gov.cn/zhengce/2015-11/10/content_5056881.htm,宁夏,2015-11-10
自治区人民政府关于促进电子商务发展加快培育经济新动力的实施意见,http://www.gov.cn/zhengce/2015-10/08/content_5057162.htm,宁夏,2015-10-08
宁夏回族自治区人民政府关于印发宁夏回族自治区服务业发展“十二五”规划的通知,http://www.gov.cn/zhengce/2013-03/30/content_5044970.htm,宁夏,2013-03-30
自治区人民政府关于印发宁夏空间发展战略规划的通知,http://www.gov.cn/zhengce/2015-06/13/content_5056786.htm,宁夏,2015-06-13
国务院关于左右江革命老区振兴规划的批复,http://www.gov.cn/gongbao/content/2015/content_2827203.htm,国务院公报,2015-03-10
国务院关于印发鲁甸地震灾后恢复重建总体规划的通知 鲁甸地震灾后恢复重建总体规划,http://www.gov.cn/gongbao/content/2014/content_2786805.htm,国务院公报,2014-12-10
中华人民共和国国家发展和改革委员会令（第15号） 西部地区鼓励类产业目录,http://www.gov.cn/gongbao/content/2014/content_2775512.htm,国务院公报,2014-11-10
国务院关于同意设立四川天府新区的批复,http://www.gov.cn/gongbao/content/2014/content_2771076.htm,国务院公报,2014-10-30
科技部 中组部 财政部 人力资源社会保障部 国务院扶贫办关于印发《边远贫困地区、边疆民族 地区和革命老区人才支持计划科技人员专项计划实施方案》的通知 边远贫困地区、边疆民族地区和革命老区人才支持计划科技人员专项计划实施方案,http://www.gov.cn/gongbao/content/2014/content_2739857.htm,国务院公报,2014-08-30
国务院办公厅关于切实做好当前减轻农民负担工作的通知,http://www.gov.cn/zhengce/zhengceku/2016-10/09/content_5116397.htm,国务院文件,2016-10-09
国务院办公厅转发农业部关于加快畜牧业发展意见的通知,http://www.gov.cn/zhengce/zhengceku/2016-10/10/content_5116902.htm,国务院文件,2016-10-10
国务院办公厅转发人事部2001年—2005年国家公务员培训纲要的通知,http://www.gov.cn/zhengce/zhengceku/2016-10/10/content_5116908.htm,国务院文件,2016-10-10
国务院办公厅转发外经贸部等部门关于“十五”期间进一步促进机电产品出口意见的通知,http://www.gov.cn/zhengce/zhengceku/2016-10/11/content_5117280.htm,国务院文件,2016-10-11
国务院办公厅关于做好2003年西部开发工作的通知,http://www.gov.cn/zhengce/zhengceku/2016-10/12/content_5118033.htm,国务院文件,2016-10-12
文化部 财政部关于印发《藏羌彝文化产业走廊总体规划》的通知 藏羌彝文化产业走廊总体规划,http://www.gov.cn/gongbao/content/2014/content_2711451.htm,国务院公报,2014-07-10
国务院关于晋陕豫黄河金三角区域合作规划的批复,http://www.gov.cn/gongbao/content/2014/content_2667606.htm,国务院公报,2014-04-30
国务院关于落实《政府工作报告》重点工作部门分工的意见,http://www.gov.cn/gongbao/content/2014/content_2667592.htm,国务院公报,2014-04-30
中共中央 国务院印发《国家新型城镇化规划（2014-2020年）》,http://www.gov.cn/gongbao/content/2014/content_2644805.htm,国务院公报,2014-03-30
国务院关于同意设立陕西西咸新区的批复,http://www.gov.cn/gongbao/content/2014/content_2567170.htm,国务院公报,2014-01-20
国务院关于鼓励和引导民间投资健康发展的若干意见,http://www.gov.cn/zhengce/zhengceku/2010-05/13/content_3569.htm,国务院文件,2010-05-13
国务院关于印发2003年工作要点的通知,http://www.gov.cn/zhengce/zhengceku/2017-03/22/content_5177026.htm,国务院文件,2017-03-22
国务院关于中西部地区承接产业转移的指导意见,http://www.gov.cn/zhengce/zhengceku/2010-09/06/content_1536.htm,国务院文件,2010-09-06
国务院办公厅关于鼓励和引导民间投资健康发展重点工作分工的通知,http://www.gov.cn/zhengce/zhengceku/2010-07/26/content_1667.htm,国务院文件,2010-07-26
国务院办公厅关于落实中共中央国务院关于促进中部地区崛起若干意见有关政策措施的通知,http://www.gov.cn/zhengce/zhengceku/2008-03/28/content_1984.htm,国务院文件,2008-03-28
国务院关于同意设立贵州贵安新区的批复,http://www.gov.cn/gongbao/content/2014/content_2567171.htm,国务院公报,2014-01-20
发展改革委 中科院关于印发科技助推西部地区转型发展行动计划（2013-2020 年）的通知 科技助推西部地区转型发展行动计划（2013-2020年）,http://www.gov.cn/gongbao/content/2013/content_2501906.htm,国务院公报,2013-10-10
财政部关于印发《西部地区基层政权建设资金管理办法》的通知 西部地区基层政权建设资金管理办法,http://www.gov.cn/gongbao/content/2013/content_2489978.htm,国务院公报,2013-09-20
发展改革委关于印发西部地区重点生态区综合治理规划纲要的通知 西部地区重点生态区综合治理规划纲要（2012—2020年）,http://www.gov.cn/gongbao/content/2013/content_2433562.htm,国务院公报,2013-06-30
国务院关于取消和下放一批行政审批项目等事项的决定 国务院决定取消和下放管理层级的行政审批项目目录 国务院决定取消的评比、达标、表彰项目目录 国务院决定取消的行政事业性收费项目目录,http://www.gov.cn/gongbao/content/2013/content_2412262.htm,国务院公报,2013-05-30
国务院办公厅关于转发教育部等部门《国家西部地区“两基”攻坚计划（2004—2007年）》的通知,http://www.gov.cn/zhengce/zhengceku/2008-03/28/content_5702.htm,国务院文件,2008-03-28
国务院 中央军委批转全国拥军优属拥政爱民工作领导小组民政部总政治部全国拥军优属拥政爱民工作会议纪要的通知,http://www.gov.cn/zhengce/zhengceku/2008-03/28/content_6267.htm,国务院文件,2008-03-28
国务院关于第一批取消62项中央指定地方实施行政审批事项的决定,http://www.gov.cn/zhengce/zhengceku/2015-10/14/content_10222.htm,国务院文件,2015-10-14
国务院关于印发中国农村扶贫开发纲要（2001—2010年）的通知,http://www.gov.cn/zhengce/zhengceku/2016-09/23/content_5111138.htm,国务院文件,2016-09-23
国务院关于深化改革加快发展民族教育的决定,http://www.gov.cn/zhengce/zhengceku/2016-09/23/content_5111248.htm,国务院文件,2016-09-23
国务院关于落实《政府工作报告》和国务院第一次全体会议精神重点工作部门分 工的意见,http://www.gov.cn/gongbao/content/2013/content_2376198.htm,国务院公报,2013-04-20
国务院办公厅关于开展对口帮扶贵州工作的指导意见,http://www.gov.cn/gongbao/content/2013/content_2339521.htm,国务院公报,2013-02-28
财政部关于印发《西部地区基层政权建设资金管理办法》的通知 西部地区基层政权建设资金管理办法,http://www.gov.cn/gongbao/content/2012/content_2251657.htm,国务院公报,2012-10-30
教育部关于印发《国家教育事业发展第十二个五年规划》的通知 国家教育事业发展第十二个五年规划（2012年6月）,http://www.gov.cn/gongbao/content/2012/content_2238967.htm,国务院公报,2012-10-10
工业和信息化部关于印发《国家中小企业公共服务示范平台认定的管理办法》的 通知 国家中小企业公共服务示范平台认定的管理办法,http://www.gov.cn/gongbao/content/2012/content_2218037.htm,国务院公报,2012-09-10
国务院办公厅转发科技部、国家计委、国家经贸委、卫生部、药品监管局、知识产权局、中医药局、中科院关于中药现代化发展纲要的通知,http://www.gov.cn/zhengce/zhengceku/2016-10/12/content_5118027.htm,国务院文件,2016-10-12
国务院办公厅关于印发国家发展和改革委员会主要职责内设机构和人员编制规定的通知,http://www.gov.cn/zhengce/zhengceku/2016-10/12/content_5118036.htm,国务院文件,2016-10-12
国务院关于进一步做好普通高等学校毕业生就业工作的通知,http://www.gov.cn/zhengce/zhengceku/2011-06/01/content_6594.htm,国务院文件,2011-06-01
国务院实施《中华人民共和国民族区域自治法》若干规定,http://www.gov.cn/zhengce/zhengceku/2008-03/28/content_7325.htm,国务院文件,2008-03-28
国务院关于推进海南国际旅游岛建设发展的若干意见,http://www.gov.cn/zhengce/zhengceku/2010-01/04/content_3971.htm,国务院文件,2010-01-04
国务院关于大力实施促进中部地区崛起战略的若干意见,http://www.gov.cn/gongbao/content/2012/content_2218027.htm,国务院公报,2012-09-10
国务院关于支持赣南等原中央苏区振兴发展的若干意见,http://www.gov.cn/gongbao/content/2012/content_2182746.htm,国务院公报,2012-07-20
气象局 发展改革委关于印发气象发展规划（2011-2015年）的通知 气象发展规划（2011-2015年）,http://www.gov.cn/gongbao/content/2012/content_2144305.htm,国务院公报,2012-05-30
财政部 发展改革委 国务院扶贫办关于印发《财政专项扶贫资金管理办法》的通 知 财政专项扶贫资金管理办法,http://www.gov.cn/gongbao/content/2012/content_2131975.htm,国务院公报,2012-05-10
交通运输部 铁道部关于加快铁水联运发展的指导意见,http://www.gov.cn/gongbao/content/2012/content_2112832.htm,国务院公报,2012-04-20
国务院关于进一步加强防沙治沙工作的决定,http://www.gov.cn/zhengce/zhengceku/2008-03/28/content_5024.htm,国务院文件,2008-03-28
国务院关于促进牧区又好又快发展的若干意见,http://www.gov.cn/zhengce/zhengceku/2011-08/09/content_2821.htm,国务院文件,2011-08-09
国务院关于印发中国（重庆）自由贸易试验区总体方案的通知,http://www.gov.cn/zhengce/zhengceku/2017-03/31/content_5182300.htm,国务院文件,2017-03-31
国务院关于印发中国（四川）自由贸易试验区总体方案的通知,http://www.gov.cn/zhengce/zhengceku/2017-03/31/content_5182304.htm,国务院文件,2017-03-31
国务院关于印发中国（陕西）自由贸易试验区总体方案的通知,http://www.gov.cn/zhengce/zhengceku/2017-03/31/content_5182306.htm,国务院文件,2017-03-31
国务院关于落实《政府工作报告》重点工作部门分工的意见,http://www.gov.cn/gongbao/content/2012/content_2106856.htm,国务院公报,2012-04-10
财政部关于印发《基本建设贷款中央财政贴息资金管理办法》的通知 基本建设贷款中央财政贴息资金管理办法,http://www.gov.cn/gongbao/content/2012/content_2084245.htm,国务院公报,2012-03-10
国务院关于西部大开发“十二五”规划的批复,http://www.gov.cn/gongbao/content/2012/content_2076107.htm,国务院公报,2012-02-29
国务院关于进一步促进贵州经济社会又好又快发展的若干意见,http://www.gov.cn/gongbao/content/2012/content_2049997.htm,国务院公报,2012-01-30
中共中央 国务院印发《中国农村扶贫开发纲要（2011-2020年）》,http://www.gov.cn/gongbao/content/2011/content_2020905.htm,国务院公报,2011-12-20
国务院关于支持沿边重点地区开发开放若干政策措施的意见,http://www.gov.cn/zhengce/zhengceku/2016-01/07/content_10561.htm,国务院文件,2016-01-07
国务院关于取消和下放一批行政审批项目等事项的决定,http://www.gov.cn/zhengce/zhengceku/2013-05/17/content_1306.htm,国务院文件,2013-05-17
国务院办公厅关于应对国际金融危机保持西部地区经济平稳较快发展的意见,http://www.gov.cn/zhengce/zhengceku/2009-10/10/content_1642.htm,国务院文件,2009-10-10
国务院关于鼓励支持和引导个体私营等非公有制经济发展的若干意见,http://www.gov.cn/zhengce/zhengceku/2008-03/28/content_1647.htm,国务院文件,2008-03-28
国务院关于进一步促进宁夏经济社会发展的若干意见,http://www.gov.cn/zhengce/zhengceku/2008-09/12/content_1748.htm,国务院文件,2008-09-12
国务院关于支持云南省加快建设面向西南开放重要桥头堡的意见,http://www.gov.cn/gongbao/content/2011/content_1992560.htm,国务院公报,2011-11-20
中组部 人力资源社会保障部印发《关于支持留学人员回国创业的意见》的通知 关于支持留学人员回国创业的意见,http://www.gov.cn/gongbao/content/2011/content_1933715.htm,国务院公报,2011-08-30
国务院关于促进牧区又好又快发展的若干意见,http://www.gov.cn/gongbao/content/2011/content_1927039.htm,国务院公报,2011-08-20
国务院关于进一步促进内蒙古经济社会又好又快发展的若干意见,http://www.gov.cn/gongbao/content/2011/content_1899499.htm,国务院公报,2011-07-10
中华人民共和国住房和城乡建设部公告（第894号） 关于公布住房和城乡建设部规范性文件清理结果目录的公告 废止或失效的规范性文件目录 继续有效规范性文件目录,http://www.gov.cn/gongbao/content/2011/content_1899502.htm,国务院公报,2011-07-10
国务院关于进一步加强农村教育工作的决定,http://www.gov.cn/zhengce/zhengceku/2008-03/28/content_5747.htm,国务院文件,2008-03-28
国务院办公厅关于加快中西部教育发展的指导意见,http://www.gov.cn/zhengce/zhengceku/2016-06/15/content_5082382.htm,国务院文件,2016-06-15
国务院办公厅转发人事部、财政部关于调整机关事业单位工作人员工资和增加离退休人员离退休费四个实施方案的通知,http://www.gov.cn/zhengce/zhengceku/2016-09/30/content_5114015.htm,国务院文件,2016-09-30
国务院关于落实《政府工作报告》重点工作部门分工的意见,http://www.gov.cn/zhengce/zhengceku/2018-04/12/content_5281920.htm,国务院文件,2018-04-12
国务院关于支持赣南等原中央苏区振兴发展的若干意见,http://www.gov.cn/zhengce/zhengceku/2012-07/02/content_4618.htm,国务院文件,2012-07-02
国务院关于进一步做好普通高等学校毕业生就业工作的通知,http://www.gov.cn/gongbao/content/2011/content_1880089.htm,国务院公报,2011-06-10
国务院关于落实《政府工作报告》重点工作部门分工的意见,http://www.gov.cn/gongbao/content/2011/content_1836360.htm,国务院公报,2011-04-10
国务院关于加快长江等内河水运发展的意见,http://www.gov.cn/gongbao/content/2011/content_1803160.htm,国务院公报,2011-02-20
国务院关于中西部地区承接产业转移的指导意见,http://www.gov.cn/gongbao/content/2010/content_1702211.htm,国务院公报,2010-09-20
国务院办公厅关于鼓励和引导民间投资健康发展重点工作分工的通知,http://www.gov.cn/gongbao/content/2010/content_1671245.htm,国务院公报,2010-08-10
国务院关于印发国家人口发展规划（2016—2030年）的通知,http://www.gov.cn/zhengce/zhengceku/2017-01/25/content_5163309.htm,国务院文件,2017-01-25
国务院关于落实《政府工作报告》和国务院第一次全体会议精神重点工作部门分工的意见,http://www.gov.cn/zhengce/zhengceku/2013-03/29/content_1045.htm,国务院文件,2013-03-29
国务院关于大力实施促进中部地区崛起战略的若干意见,http://www.gov.cn/zhengce/zhengceku/2012-08/31/content_1147.htm,国务院文件,2012-08-31
国务院关于落实《政府工作报告》重点工作部门分工的意见,http://www.gov.cn/zhengce/zhengceku/2012-03/27/content_1197.htm,国务院文件,2012-03-27
国务院关于支持云南省加快建设面向西南开放重要桥头堡的意见,http://www.gov.cn/zhengce/zhengceku/2011-11/03/content_1396.htm,国务院文件,2011-11-03
国务院关于鼓励和引导民间投资健康发展的若干意见,http://www.gov.cn/gongbao/content/2010/content_1612283.htm,国务院公报,2010-05-30
国务院办公厅关于进一步支持甘肃经济社会发展的若干意见,http://www.gov.cn/gongbao/content/2010/content_1605328.htm,国务院公报,2010-05-20
国务院关于落实《政府工作报告》重点工作部门分工的意见,http://www.gov.cn/gongbao/content/2010/content_1574177.htm,国务院公报,2010-04-10
国务院关于推进海南国际旅游岛建设发展的若干意见,http://www.gov.cn/gongbao/content/2010/content_1505921.htm,国务院公报,2010-01-10
国务院关于进一步促进广西经济社会发展的若干意见,http://www.gov.cn/gongbao/content/2009/content_1487010.htm,国务院公报,2009-12-20
国务院关于落实《政府工作报告》重点工作部门分工的意见,http://www.gov.cn/zhengce/zhengceku/2011-03/23/content_1422.htm,国务院文件,2011-03-23
国务院办公厅关于进一步支持甘肃经济社会发展的若干意见,http://www.gov.cn/zhengce/zhengceku/2010-05/06/content_1597.htm,国务院文件,2010-05-06
国务院关于印发2008年工作要点的通知,http://www.gov.cn/zhengce/zhengceku/2008-04/16/content_1611.htm,国务院文件,2008-04-16
国务院关于印发2007年工作要点的通知,http://www.gov.cn/zhengce/zhengceku/2008-03/28/content_1742.htm,国务院文件,2008-03-28
国务院关于印发2006年工作要点的通知,http://www.gov.cn/zhengce/zhengceku/2008-03/28/content_1767.htm,国务院文件,2008-03-28
国务院办公厅关于应对国际金融危机保持西部地区经济平稳较快发展的意见,http://www.gov.cn/gongbao/content/2009/content_1439273.htm,国务院公报,2009-10-20
国务院关于推进重庆市统筹城乡改革和发展的若干意见,http://www.gov.cn/gongbao/content/2009/content_1230006.htm,国务院公报,2009-02-20
国家工商总局 国家发展改革委关于促进广告业发展的指导意见,http://www.gov.cn/gongbao/content/2008/content_1139433.htm,国务院公报,2008-11-10
国务院关于印发汶川地震灾后恢复重建总体规划的通知 汶川地震灾后恢复重建总体规划,http://www.gov.cn/gongbao/content/2008/content_1120416.htm,国务院公报,2008-10-20
国务院关于进一步促进宁夏经济社会发展的若干意见,http://www.gov.cn/gongbao/content/2008/content_1102752.htm,国务院公报,2008-09-30
国务院关于印发2005年工作要点的通知,http://www.gov.cn/zhengce/zhengceku/2008-03/28/content_1827.htm,国务院文件,2008-03-28
国务院关于印发中国21世纪初可持续发展行动纲要的通知,http://www.gov.cn/zhengce/zhengceku/2008-03/28/content_2108.htm,国务院文件,2008-03-28
国务院批转中国残疾人事业“十五”计划纲要的通知,http://www.gov.cn/zhengce/zhengceku/2016-09/22/content_5110819.htm,国务院文件,2016-09-22
国务院批转中国残疾人事业“十一五”发展纲要的通知,http://www.gov.cn/zhengce/zhengceku/2008-03/28/content_6603.htm,国务院文件,2008-03-28
国务院办公厅关于印发少数民族事业“十一五”规划的通知,http://www.gov.cn/zhengce/zhengceku/2008-03/28/content_6698.htm,国务院文件,2008-03-28
国务院关于印发2008年工作要点的通知 国务院2008年工作要点,http://www.gov.cn/gongbao/content/2008/content_961643.htm,国务院公报,2008-05-10
国务院关于实施企业所得税过渡优惠政策的通知,http://www.gov.cn/gongbao/content/2008/content_871686.htm,国务院公报,2008-01-30
国务院关于印发国家环境保护“十一五”规划的通知 国家环境保护“十一五”规划,http://www.gov.cn/gongbao/content/2008/content_848838.htm,国务院公报,2008-01-10
中华人民共和国政府和白俄罗斯共和国政府联合公报,http://www.gov.cn/gongbao/content/2007/content_830531.htm,国务院公报,2007-12-20
温家宝在夏季达沃斯论坛开幕式上答问,http://www.gov.cn/gongbao/content/2007/content_778186.htm,国务院公报,2007-10-30
国务院关于落实《政府工作报告》重点工作部门分工的意见,http://www.gov.cn/zhengce/zhengceku/2010-03/25/content_8210.htm,国务院文件,2010-03-25
国务院关于落实《政府工作报告》重点工作部门分工的意见,http://www.gov.cn/zhengce/zhengceku/2014-04/17/content_8766.htm,国务院文件,2014-04-17
国务院关于进一步促进贵州经济社会又好又快发展的若干意见,http://www.gov.cn/zhengce/zhengceku/2012-01/16/content_4649.htm,国务院文件,2012-01-16
国务院关于进一步促进内蒙古经济社会又好又快发展的若干意见,http://www.gov.cn/zhengce/zhengceku/2011-06/29/content_4689.htm,国务院文件,2011-06-29
国务院关于进一步促进广西经济社会发展的若干意见,http://www.gov.cn/zhengce/zhengceku/2009-12/07/content_1632.htm,国务院文件,2009-12-07
国务院关于印发2007年工作要点的通知 国务院2007年工作要点,http://www.gov.cn/gongbao/content/2007/content_609913.htm,国务院公报,2007-05-20
关于2006年国民经济和社会发展计划执行情况与2007年国民经济和社会发展计划 草案的报告 ——2007年3月5日在第十届全国人民代表大会第五次会议上 ………发展改革委,http://www.gov.cn/gongbao/content/2007/content_595156.htm,国务院公报,2007-05-10
关于2006年中央和地方预算执行情况与2007年中央和地方预算草案的报告 ——2007年3月5日在第十届全国人民代表大会第五次会议上 ……………财政部,http://www.gov.cn/gongbao/content/2007/content_595159.htm,国务院公报,2007-05-10
政府工作报告 ——2007年3月5日在第十届全国人民代表大会第五次会议上 ……………………………………………………………… 国务院总理 温家宝,http://www.gov.cn/gongbao/content/2007/content_595132.htm,国务院公报,2007-05-10
国务院办公厅关于印发少数民族事业“十一五”规划的通知 少数民族事业“十一五”规划,http://www.gov.cn/gongbao/content/2007/content_588154.htm,国务院公报,2007-04-30
国务院关于推进重庆市统筹城乡改革和发展的若干意见,http://www.gov.cn/zhengce/zhengceku/2009-02/05/content_5435.htm,国务院文件,2009-02-05
国务院批转教育部2003—2007年教育振兴行动计划的通知,http://www.gov.cn/zhengce/zhengceku/2008-03/28/content_5687.htm,国务院文件,2008-03-28
国务院关于落实《政府工作报告》重点工作部门分工的意见,http://www.gov.cn/zhengce/zhengceku/2016-03/29/content_5059540.htm,国务院文件,2016-03-29
国务院关于印发中国妇女发展纲要和中国儿童发展纲要的通知,http://www.gov.cn/zhengce/zhengceku/2016-10/24/content_5123533.htm,国务院文件,2016-10-24
国务院关于印发鲁甸地震灾后恢复重建总体规划的通知,http://www.gov.cn/zhengce/zhengceku/2014-11/23/content_9234.htm,国务院文件,2014-11-23
国务院办公厅转发人事部“十一五”行政机关公务员培训纲要的通知 “十一五”行政机关公务员培训纲要,http://www.gov.cn/gongbao/content/2007/content_564110.htm,国务院公报,2007-04-10
国务院关于西部大开发“十一五”规划的批复,http://www.gov.cn/gongbao/content/2007/content_549035.htm,国务院公报,2007-03-20
中共中央关于构建社会主义和谐社会若干重大问题的决定,http://www.gov.cn/gongbao/content/2006/content_453176.htm,国务院公报,2006-11-30
国务院批转中国残疾人事业“十一五”发展纲要的通知 中国残疾人事业“十一五”发展纲要（2006年—2010年）,http://www.gov.cn/gongbao/content/2006/content_352200.htm,国务院公报,2006-08-10
国务院办公厅关于落实中共中央国务院关于促进中部地区崛起若干意见有关政策 措施的通知,http://www.gov.cn/gongbao/content/2006/content_327809.htm,国务院公报,2006-07-10
国务院关于印发国家环境保护“十一五”规划的通知,http://www.gov.cn/zhengce/zhengceku/2008-03/28/content_4877.htm,国务院文件,2008-03-28
国务院关于印发汶川地震灾后恢复重建总体规划的通知,http://www.gov.cn/zhengce/zhengceku/2008-09/24/content_6121.htm,国务院文件,2008-09-24
国务院关于印发全国国土规划纲要（2016—2030年）的通知,http://www.gov.cn/zhengce/zhengceku/2017-02/04/content_5165309.htm,国务院文件,2017-02-04
中共中央办公厅 国务院办公厅关于印发《2006—2020年国家信息化发展战略》的 通知 2006—2020年国家信息化发展战略,http://www.gov.cn/gongbao/content/2006/content_315999.htm,国务院公报,2006-06-30
中国和格鲁吉亚发表联合声明,http://www.gov.cn/gongbao/content/2006/content_292003.htm,国务院公报,2006-05-30
教育部等五部委关于印发《培养少数民族高层次骨干人才计划的实施方案》的通 知 培养少数民族高层次骨干人才计划的实施方案,http://www.gov.cn/gongbao/content/2006/content_292095.htm,国务院公报,2006-05-30
国务院关于印发2006年工作要点的通知 国务院2006年工作要点,http://www.gov.cn/gongbao/content/2006/content_283969.htm,国务院公报,2006-05-20
关于2005年国民经济和社会发展计划执行情况与2006年国民经济和社会发展计划 草案的报告 ——2006年3月5日在第十届全国人民代表大会第四次会议上 …… 发展改革委,http://www.gov.cn/gongbao/content/2006/content_268862.htm,国务院公报,2006-05-10
关于2005年中央和地方预算执行情况与2006年中央和地方预算草案的报告 ——2006年3月5日在第十届全国人民代表大会第四次会议上 ………… 财政部,http://www.gov.cn/gongbao/content/2006/content_274209.htm,国务院公报,2006-05-10
政府工作报告 ——2006年3月5日在第十届全国人民代表大会第四次会议上 ……………………………………………………………… 国务院总理 温家宝,http://www.gov.cn/gongbao/content/2006/content_268721.htm,国务院公报,2006-04-30
中华人民共和国国民经济和社会发展第十一个五年规划纲要,http://www.gov.cn/gongbao/content/2006/content_268766.htm,国务院公报,2006-04-30
中国的和平发展与东亚的机遇 ——温家宝总理在东亚峰会领袖对话会议上的演讲,http://www.gov.cn/gongbao/content/2006/content_169917.htm,国务院公报,2006-01-30
中法经贸合作前景广阔 ——温家宝总理在法国雇主协会的演讲,http://www.gov.cn/gongbao/content/2006/content_161164.htm,国务院公报,2006-01-20
中韩联合公报,http://www.gov.cn/gongbao/content/2006/content_152039.htm,国务院公报,2006-01-10
中俄总理第十次定期会晤联合公报,http://www.gov.cn/gongbao/content/2006/content_152607.htm,国务院公报,2006-01-10
关于制定国民经济和社会发展第十一个五年规划建议的说明 …………… 温家宝,http://www.gov.cn/gongbao/content/2005/content_121428.htm,国务院公报,2005-12-10
国务院关于进一步加强防沙治沙工作的决定,http://www.gov.cn/gongbao/content/2005/content_91640.htm,国务院公报,2005-11-10
中华人民共和国国务院令（第435号） 国务院实施《中华人民共和国民族区域自治法》若干规定,http://www.gov.cn/gongbao/content/2005/content_64258.htm,国务院公报,2005-07-20
国务院办公厅关于切实搞好“五个结合”进一步巩固退耕还林成果的通知,http://www.gov.cn/gongbao/content/2005/content_64228.htm,国务院公报,2005-06-30
中华人民共和国国家发展和改革委员会 中华人民共和国商务部令（第13号） 中西部地区外商投资优势产业目录,http://www.gov.cn/gongbao/content/2005/content_64193.htm,国务院公报,2005-06-10
国务院关于印发2005年工作要点的通知 国务院2005年工作要点,http://www.gov.cn/gongbao/content/2005/content_63217.htm,国务院公报,2005-05-20
中华人民共和国和阿塞拜疆共和国联合声明,http://www.gov.cn/gongbao/content/2005/content_63200.htm,国务院公报,2005-05-10
政府工作报告 ——2005年3月5日在第十届全国人民代表大会第三次会议上 ………………………………………………………………… 国务院总理 温家宝,http://www.gov.cn/gongbao/content/2005/content_158717.htm,国务院公报,2005-04-30
关于2004年国民经济和社会发展计划执行情况与2005年国民经济和社会发展计划 草案的报告 ——2005年3月5日在第十届全国人民代表大会第三次会议上 ………发展改革委,http://www.gov.cn/gongbao/content/2005/content_158729.htm,国务院公报,2005-04-30
关于2004年中央和地方预算执行情况及2005年中央和地方预算草案的报告 ——2005年3月5日在第十届全国人民代表大会第三次会议上 ……………财政部,http://www.gov.cn/gongbao/content/2005/content_158732.htm,国务院公报,2005-04-30
中国的民族区域自治 …………………………………………………………………… 新闻办,http://www.gov.cn/gongbao/content/2005/content_5216505.htm,国务院公报,2005-04-20
国务院关于鼓励支持和引导个体私营等非公有制经济发展的若干意见,http://www.gov.cn/gongbao/content/2005/content_63162.htm,国务院公报,2005-04-10
开拓创新 扎实工作 不断开创西部大开发的新局面 ……………………… 温家宝,http://www.gov.cn/gongbao/content/2005/content_63349.htm,国务院公报,2005-03-30
2004年中国的国防………………………………………………………………新闻办,http://www.gov.cn/gongbao/content/2005/content_63348.htm,国务院公报,2005-03-30
深化中欧关系 加强全面合作 ——温家宝总理在中欧工商峰会上的演讲,http://www.gov.cn/gongbao/content/2005/content_63277.htm,国务院公报,2005-01-30
中华人民共和国政府和吉尔吉斯共和国政府联合公报,http://www.gov.cn/gongbao/content/2004/content_63036.htm,国务院公报,2004-12-20
中俄总理第九次定期会晤联合公报,http://www.gov.cn/gongbao/content/2004/content_63016.htm,国务院公报,2004-12-10
加强睦邻友好与互利合作 共创中俄关系的美好未来 ——温家宝总理向俄罗斯各界人士发表的演讲,http://www.gov.cn/gongbao/content/2004/content_63002.htm,国务院公报,2004-11-30
国家民委 财政部关于继续推进兴边富民行动的意见,http://www.gov.cn/gongbao/content/2004/content_62945.htm,国务院公报,2004-10-20
教育部 财政部 劳动保障部关于开展东部对西部、城市对农村中等职业学校联合 招生合作办学工作的意见,http://www.gov.cn/gongbao/content/2004/content_62897.htm,国务院公报,2004-09-10
国务院 中央军委批转全国拥军优属拥政爱民工作领导小组民政部总政治部全国拥 军优属拥政爱民工作会议纪要的通知 全国拥军优属拥政爱民工作会议纪要,http://www.gov.cn/gongbao/content/2004/content_62811.htm,国务院公报,2004-07-20
国务院办公厅关于进一步做好2004年普通高等学校毕业生就业工作的通知,http://www.gov.cn/gongbao/content/2004/content_62764.htm,国务院公报,2004-06-20
国务院关于进一步推进西部大开发的若干意见,http://www.gov.cn/gongbao/content/2004/content_62726.htm,国务院公报,2004-05-20
国务院批转教育部2003—2007年教育振兴行动计划的通知 2003-2007年教育振兴行动计划,http://www.gov.cn/gongbao/content/2004/content_62725.htm,国务院公报,2004-05-20
第十届全国人民代表大会第二次会议关于《政府工作报告》的决议,http://www.gov.cn/gongbao/content/2004/content_75628.htm,国务院公报,2004-05-10
关于2003年国民经济和社会发展计划执行情况与2004年国民经济和社会发展计划 草案的报告 ——2004年3月6日在第十届全国人民代表大会第二次会议上 ……………………………………………… 国家发展和改革委员会主任 马 凯,http://www.gov.cn/gongbao/content/2004/content_62716.htm,国务院公报,2004-05-10
关于2003年中央和地方预算执行情况及2004年中央和地方预算草案的报告 ——2004年3月6日在第十届全国人民代表大会第二次会议上 ………………………………………………………………… 财政部部长 金人庆,http://www.gov.cn/gongbao/content/2004/content_62717.htm,国务院公报,2004-05-10
政府工作报告 ——2004年3月5日在第十届全国人民代表大会第二次会议上 ……………………………………………………………… 国务院总理 温家宝,http://www.gov.cn/gongbao/content/2004/content_62715.htm,国务院公报,2004-05-10
提高认识 统一思想 牢固树立和认真落实科学发展观 ——在省部级主要领导干部“树立和落实科学发展观”专题研究班结业式上的 讲话 ………………………………………………………………………………温家宝,http://www.gov.cn/gongbao/content/2004/content_62698.htm,国务院公报,2004-04-30
国务院办公厅关于转发教育部等部门《国家西部地区“两基”攻坚计划（2004— 2007年）》的通知 国家西部地区“两基”攻坚计划（2004—2007年）,http://www.gov.cn/gongbao/content/2004/content_62693.htm,国务院公报,2004-04-20
中共中央关于完善社会主义市场经济体制若干问题的决定,http://www.gov.cn/gongbao/content/2003/content_62494.htm,国务院公报,2003-12-10
中华人民共和国与东盟国家领导人联合宣言,http://www.gov.cn/gongbao/content/2003/content_62469.htm,国务院公报,2003-11-20
中俄总理第八次定期会晤联合公报,http://www.gov.cn/gongbao/content/2003/content_62458.htm,国务院公报,2003-11-10
国务院关于进一步加强农村教育工作的决定,http://www.gov.cn/gongbao/content/2003/content_62440.htm,国务院公报,2003-11-10
中共中央 国务院关于加快林业发展的决定,http://www.gov.cn/gongbao/content/2003/content_62358.htm,国务院公报,2003-09-30
国务院办公厅关于印发国家发展和改革委员会主要职责内设机构和人员编制规定 的通知 国家发展和改革委员会主要职责内设机构和人员编制规定,http://www.gov.cn/gongbao/content/2003/content_62143.htm,国务院公报,2003-06-20
第十届全国人民代表大会第一次会议关于2002年中央和地方预算执行情况及2003 年中央和地方预算的决议,http://www.gov.cn/gongbao/content/2003/content_62015.htm,国务院公报,2003-04-20
第十届全国人民代表大会第一次会议关于2002年国民经济和社会发展计划执行情 况与2003年国民经济和社会发展计划的决议,http://www.gov.cn/gongbao/content/2003/content_62013.htm,国务院公报,2003-04-20
第十届全国人民代表大会第一次会议关于《政府工作报告》的决议,http://www.gov.cn/gongbao/content/2003/content_62010.htm,国务院公报,2003-04-20
温家宝总理答中外记者问 ——在第十届全国人民代表大会第一次会议举行的记者招待会上,http://www.gov.cn/gongbao/content/2003/content_62012.htm,国务院公报,2003-04-20
关于2002年国民经济和社会发展计划执行情况与2003年国民经济和社会发展计划 草案的报告 ——2003年3月6日在第十届全国人民代表大会第一次会议上 ………………………………………………… 国家发展计划委员会主任 曾培炎,http://www.gov.cn/gongbao/content/2003/content_62014.htm,国务院公报,2003-04-20
关于2002年中央和地方预算执行情况及2003年中央和地方预算草案的报告 ——2003年3月6日在第十届全国人民代表大会第一次会议上 ………………………………………………………………… 财政部部长 项怀诚,http://www.gov.cn/gongbao/content/2003/content_62016.htm,国务院公报,2003-04-20
政府工作报告 ——2003年3月5日在第十届全国人民代表大会第一次会议上 ………………………………………………………………… 国务院总理 朱镕基,http://www.gov.cn/gongbao/content/2003/content_62011.htm,国务院公报,2003-04-20
中华人民共和国2002年国民经济和社会发展统计公报 …………………… 统计局,http://www.gov.cn/gongbao/content/2003/content_62657.htm,国务院公报,2003-03-30
财政部 国家税务总局关于进一步鼓励软件产业和集成电路产业发展税收政策的 通知,http://www.gov.cn/gongbao/content/2003/content_62627.htm,国务院公报,2003-03-20
国务院关于印发中国21世纪初可持续发展行动纲要的通知 中国21世纪初可持续发展行动纲要,http://www.gov.cn/gongbao/content/2003/content_62606.htm,国务院公报,2003-03-10
国务院办公厅关于做好2003年西部开发工作的通知,http://www.gov.cn/gongbao/content/2003/content_62558.htm,国务院公报,2003-02-10
国家计委、国务院西部开发办关于印发“十五”西部开发总体规划的通知 “十五”西部开发总体规划,http://www.gov.cn/gongbao/content/2003/content_62545.htm,国务院公报,2003-01-30
关于印发《全国生态环境保护“十五”计划》的通知 ………………… 环保总局 全国生态环境保护“十五”计划,http://www.gov.cn/gongbao/content/2003/content_62416.htm,国务院公报,2003-01-20
国家计委关于印发国民经济和社会发展第十个五年计划人口、就业和社会保障重 点专项规划的通知 国民经济和社会发展第十个五年计划人口、就业和社会保障重点专项规划,http://www.gov.cn/gongbao/content/2002/content_61844.htm,国务院公报,2002-12-20
国务院办公厅转发科技部、国家计委、国家经贸委、卫生部、药品监管局、知识 产权局、中医药局、中科院关于中药现代化发展纲要的通知 中药现代化发展纲要（2002年至2010年）,http://www.gov.cn/gongbao/content/2002/content_61830.htm,国务院公报,2002-12-10
国家计委关于印发国民经济和社会发展第十个五年计划城镇化发展重点专项规划 的通知 国民经济和社会发展第十个五年计划城镇化发展重点专项规划,http://www.gov.cn/gongbao/content/2002/content_61815.htm,国务院公报,2002-11-20
国家计委关于印发国民经济和社会发展第十个五年计划综合交通体系发展重点专 项规划的通知 国民经济和社会发展第十个五年计划综合交通体系发展重点专项规划,http://www.gov.cn/gongbao/content/2002/content_61816.htm,国务院公报,2002-11-20
关于印发《国家环境保护“十五”计划》的通知 …………………………………… 环保总局、国家计委、国家经贸委、财政部 国务院关于国家环境保护 “十五 ”计划的批复 国家环境保护 “十五 ”计划,http://www.gov.cn/gongbao/content/2002/content_61775.htm,国务院公报,2002-10-30
国务院关于大力推进职业教育改革与发展的决定,http://www.gov.cn/gongbao/content/2002/content_61755.htm,国务院公报,2002-10-20
国务院关于组建青藏铁路公司有关问题的批复,http://www.gov.cn/gongbao/content/2002/content_61714.htm,国务院公报,2002-09-20
关于发布《茧丝绸行业“十五”规划》的通知 ……………………… 国家经贸委 茧丝绸行业“十五”规划,http://www.gov.cn/gongbao/content/2002/content_61701.htm,国务院公报,2002-09-20
国务院关于深化改革加快发展民族教育的决定,http://www.gov.cn/gongbao/content/2002/content_61658.htm,国务院公报,2002-08-30
关于印发《中药行业“十五”规划》的通知 ………………………… 国家经贸委 中药行业“十五”规划,http://www.gov.cn/gongbao/content/2002/content_61662.htm,国务院公报,2002-08-30
关于发布《“十五”工业结构调整规划纲要》的通知 ……………… 国家经贸委 “十五”工业结构调整规划纲要,http://www.gov.cn/gongbao/content/2002/content_61660.htm,国务院公报,2002-08-30
关于发布黄金工业“十五”规划的通知 ……………………………… 国家经贸委 黄金工业“十五”规划,http://www.gov.cn/gongbao/content/2002/content_61655.htm,国务院公报,2002-08-20
国家计委、科技部关于印发当前优先发展的高技术产业化重点领域指南（2001年 度）的通知 当前优先发展的高技术产业化重点领域指南（2001年度）,http://www.gov.cn/gongbao/content/2002/content_61654.htm,国务院公报,2002-08-20
关于印发《新能源和可再生能源产业发展“十五”规划》的通知……国家经贸委 新能源和可再生能源产业发展“十五”规划,http://www.gov.cn/gongbao/content/2002/content_61602.htm,国务院公报,2002-07-30
